name,url
VAPE IT STORE II,https://jportal.mdcourts.gov/license/pbLicenseDetail.jsp?owi=iukTxbewFmQ%3D
VAPE IT STORE I,https://jportal.mdcourts.gov/license/pbLicenseDetail.jsp?owi=mhuGD1c%2BSlI%3D
VAPEPAD THE,https://jportal.mdcourts.gov/license/pbLicenseDetail.jsp?owi=4gn7%2BpOikQo%3D
VAPE FROG,Pending
VAPE FROG,Pending
VAPE LOFT THE,https://jportal.mdcourts.gov/license/pbLicenseDetail.jsp?owi=ayHxAl3emr4%3D
VAPE N CIGAR,https://jportal.mdcourts.gov/license/pbLicenseDetail.jsp?owi=%2F9jwyW3e7F4%3D
VAPE DOJO,https://jportal.mdcourts.gov/license/pbLicenseDetail.jsp?owi=W58kd05sEqg%3D
VAPE HAVEN,Pending
VAPORS LOUNGE,Pending
VAPORFI SOUTHSIDE,https://jportal.mdcourts.gov/license/pbLicenseDetail.jsp?owi=c4%2FPAcsaxFc%3D
VAPE DO JO,https://jportal.mdcourts.gov/license/pbLicenseDetail.jsp?owi=E%2BCoi163IZM%3D
VAPERTETMD,Pending
VAPERTEKMD,https://jportal.mdcourts.gov/license/pbLicenseDetail.jsp?owi=J0SJGWhd5wI%3D
VAPORIOT,Pending
VAPE PLUS,https://jportal.mdcourts.gov/license/pbLicenseDetail.jsp?owi=f5gm5EuahZQ%3D
VAPE SOCIAL,https://jportal.mdcourts.gov/license/pbLicenseDetail.jsp?owi=sImnU6v5QfA%3D
VAPE JUNGLE,https://jportal.mdcourts.gov/license/pbLicenseDetail.jsp?owi=C3%2FOdGeWP9g%3D
VAPE TIME,Pending
VAPEBAR EXPESS,Pending
VAPEWERKS,https://jportal.mdcourts.gov/license/pbLicenseDetail.jsp?owi=e3XEjZDSkPk%3D
VAPIST MD,https://jportal.mdcourts.gov/license/pbLicenseDetail.jsp?owi=lv%2BEo%2Fl4DB4%3D
VAPOR 99,Pending
VAPOR ALLEY,https://jportal.mdcourts.gov/license/pbLicenseDetail.jsp?owi=YOKr0vznzg4%3D
VAPOR EMPORIUM,https://jportal.mdcourts.gov/license/pbLicenseDetail.jsp?owi=zDlOBS4FhjU%3D
VAPOR VILLA,https://jportal.mdcourts.gov/license/pbLicenseDetail.jsp?owi=rEqSvtQS4YY%3D
VAPOR VILLA,https://jportal.mdcourts.gov/license/pbLicenseDetail.jsp?owi=kq%2BcmfYS8W8%3D
VAPORS LOUNGE,https://jportal.mdcourts.gov/license/pbLicenseDetail.jsp?owi=y2aKbrt9oZY%3D
VAPE DOJO,https://jportal.mdcourts.gov/license/pbLicenseDetail.jsp?owi=oCLSc0A0OX0%3D
VAPE DOJO,https://jportal.mdcourts.gov/license/pbLicenseDetail.jsp?owi=qiaB1p%2FrpbA%3D
VAPE DOJO,https://jportal.mdcourts.gov/license/pbLicenseDetail.jsp?owi=ZVaH3iDDbmE%3D
VAPE DOJO,https://jportal.mdcourts.gov/license/pbLicenseDetail.jsp?owi=8lPWS1qybME%3D
VAPEZ YARDHOUSE,Pending
VAPERS RING,https://jportal.mdcourts.gov/license/pbLicenseDetail.jsp?owi=iJWvvf%2BZFA8%3D
